gpu_model,tp_size,model,dp_size,ep_size,parallelism,kv_replication_factor,dense_params_b_est,expert_params_b_est,resident_weight_gb_bf16,weight_gb_per_gpu_after_tp_ep,residual_hbm_gb_for_kv,residual_hbm_gb_for_kv_per_gpu,kv_bytes_per_token_per_gpu_bf16,max_resident_kv_tokens,max_resident_kv_tokens_per_gpu,max_resident_kv_tokens_per_dp_replica,max_resident_kv_k_tokens,feasible_after_tp_dp_ep_weights
A100,1,Qwen3-30B-A3B,72,72,TP1/DP72/EP72,1,1.540882432,28.991029248,279.869128704,3.8870712320000003,4904.130871296,68.112928768,98304.0,49887399,692880,692880,49887.399,True
A100,2,Qwen3-30B-A3B,36,72,TP2/DP36/EP72,1,1.540882432,28.991029248,168.9255936,2.3461888,5015.0744064,69.6538112,49152.0,51015975,1417110,1417110,51015.975,True
A100,4,Qwen3-30B-A3B,18,72,TP4/DP18/EP72,1,1.540882432,28.991029248,113.453826048,1.5757475840000001,5070.546173952,70.424252416,24576.0,51580263,2865570,2865570,51580.263,True
A100,8,Qwen3-30B-A3B,9,72,TP8/DP9/EP72,1,1.540882432,28.991029248,85.717942272,1.1905269760000001,5098.282057728,70.809473024,12288.0,51862407,5762489,5762489,51862.407,True
A100,12,Qwen3-30B-A3B,6,72,TP12/DP6/EP72,1,1.540882432,28.991029248,76.47264768,1.0621201066666668,5107.52735232,70.93787989333333,8192.0,51956455,8659409,8659409,51956.455,True
A100,18,Qwen3-30B-A3B,4,72,TP18/DP4/EP72,1,1.540882432,28.991029248,70.30911795200001,0.9765155271111111,5113.690882048,71.0234844728889,5461.333333333333,52019153,13004788,13004788,52019.153666666665,True
A100,24,Qwen3-30B-A3B,3,72,TP24/DP3/EP72,1,1.540882432,28.991029248,67.227353088,0.9337132373333333,5116.772646912,71.06628676266666,4096.0,52050503,17350167,17350167,52050.503,True
A100,36,Qwen3-30B-A3B,2,72,TP36/DP2/EP72,1,1.540882432,28.991029248,64.145588224,0.8909109475555556,5119.854411776,71.10908905244445,2730.6666666666665,52081852,26040926,26040926,52081.852333333336,True
A100,72,Qwen3-30B-A3B,1,72,TP72/DP1/EP72,1,1.540882432,28.991029248,61.06382336,0.8481086577777778,5122.93617664,71.15189134222223,1365.3333333333333,52113201,52113201,52113201,52113.20166666667,True
A100,1,Qwen3-32B,72,1,TP1/DP72/EP1,1,32.8,0.0,4723.2,65.6,460.8000000000002,6.400000000000006,163840.0,2812500,39062,39062,2812.500000000001,True
A100,2,Qwen3-32B,36,1,TP2/DP36/EP1,1,32.8,0.0,2361.6,32.8,2822.4,39.2,81920.0,17226562,478515,478515,17226.5625,True
A100,4,Qwen3-32B,18,1,TP4/DP18/EP1,1,32.8,0.0,1180.8,16.4,4003.2,55.6,40960.0,24433593,1357421,1357421,24433.59375,True
A100,8,Qwen3-32B,9,1,TP8/DP9/EP1,1,32.8,0.0,590.4,8.2,4593.6,63.8,20480.0,28037109,3115234,3115234,28037.109375,True
A100,12,Qwen3-32B,6,1,TP12/DP6/EP1,1,32.8,0.0,393.59999999999997,5.466666666666666,4790.4,66.53333333333333,13653.333333333334,29238281,4873046,4873046,29238.28125,True
A100,18,Qwen3-32B,4,1,TP18/DP4/EP1,1,32.8,0.0,262.4,3.644444444444444,4921.6,68.35555555555555,9102.222222222223,30039062,7509765,7509765,30039.0625,True
A100,24,Qwen3-32B,3,1,TP24/DP3/EP1,1,32.8,0.0,196.79999999999998,2.733333333333333,4987.2,69.26666666666667,6826.666666666667,30439453,10146484,10146484,30439.453125,True
A100,36,Qwen3-32B,2,1,TP36/DP2/EP1,1,32.8,0.0,131.2,1.822222222222222,5052.8,70.17777777777778,4551.111111111111,30839843,15419921,15419921,30839.84375,True
A100,72,Qwen3-32B,1,1,TP72/DP1/EP1,1,32.8,0.0,65.6,0.911111111111111,5118.4,71.08888888888889,2275.5555555555557,31240234,31240234,31240234,31240.234375,True
A100,1,Llama-3.3-70B,72,1,TP1/DP72/EP1,1,70.6,0.0,10166.4,141.2,0.0,0.0,327680.0,0,0,0,0.0,False
A100,2,Llama-3.3-70B,36,1,TP2/DP36/EP1,1,70.6,0.0,5083.2,70.6,100.80000000000018,1.4000000000000057,163840.0,307617,8544,8544,307.61718750000057,True
A100,4,Llama-3.3-70B,18,1,TP4/DP18/EP1,1,70.6,0.0,2541.6,35.3,2642.4,36.7,81920.0,8063964,447998,447998,8063.96484375,True
A100,8,Llama-3.3-70B,9,1,TP8/DP9/EP1,1,70.6,0.0,1270.8,17.65,3913.2,54.35,40960.0,11942138,1326904,1326904,11942.138671875,True
A100,12,Llama-3.3-70B,6,1,TP12/DP6/EP1,1,70.6,0.0,847.1999999999999,11.766666666666666,4336.8,60.233333333333334,27306.666666666668,13234863,2205810,2205810,13234.86328125,True
A100,18,Llama-3.3-70B,4,1,TP18/DP4/EP1,1,70.6,0.0,564.8,7.844444444444444,4619.2,64.15555555555555,18204.444444444445,14096679,3524169,3524169,14096.6796875,True
A100,24,Llama-3.3-70B,3,1,TP24/DP3/EP1,1,70.6,0.0,423.59999999999997,5.883333333333333,4760.4,66.11666666666667,13653.333333333334,14527587,4842529,4842529,14527.587890625,True
A100,36,Llama-3.3-70B,2,1,TP36/DP2/EP1,1,70.6,0.0,282.4,3.922222222222222,4901.6,68.07777777777778,9102.222222222223,14958496,7479248,7479248,14958.49609375,True
A100,72,Llama-3.3-70B,1,1,TP72/DP1/EP1,1,70.6,0.0,141.2,1.961111111111111,5042.8,70.03888888888889,4551.111111111111,15389404,15389404,15389404,15389.404296875,True
A100,1,Qwen3-235B-A22B,72,72,TP1/DP72/EP72,1,7.996440576,227.096395776,1605.6802344960001,22.301114368,3578.319765504,49.698885632,192512.0,18587515,258159,258159,18587.51540425532,True
A100,2,Qwen3-235B-A22B,36,72,TP2/DP36/EP72,1,7.996440576,227.096395776,1029.936513024,14.304673792,4154.063486976,57.695326208,96256.0,21578205,599394,599394,21578.205446808508,True
A100,4,Qwen3-235B-A22B,18,72,TP4/DP18/EP72,1,7.996440576,227.096395776,742.064652288,10.306453504,4441.935347712,61.693546495999996,48128.0,23073550,1281863,1281863,23073.550468085108,True
A100,8,Qwen3-235B-A22B,9,72,TP8/DP9/EP72,1,7.996440576,227.096395776,598.1287219200001,8.30734336,4585.87127808,63.692656639999996,24064.0,23821222,2646802,2646802,23821.222978723403,True
A100,12,Qwen3-235B-A22B,6,72,TP12/DP6/EP72,1,7.996440576,227.096395776,550.150078464,7.640973312000001,4633.849921536,64.359026688,16042.666666666666,24070447,4011741,4011741,24070.44714893617,True
A100,18,Qwen3-235B-A22B,4,72,TP18/DP4/EP72,1,7.996440576,227.096395776,518.16431616,7.196726613333334,4665.83568384,64.80327338666666,10695.111111111111,24236596,6059149,6059149,24236.596595744682,True
A100,24,Qwen3-235B-A22B,3,72,TP24/DP3/EP72,1,7.996440576,227.096395776,502.171435008,6.974603264000001,4681.828564992,65.025396736,8021.333333333333,24319671,8106557,8106557,24319.671319148936,True
A100,36,Qwen3-235B-A22B,2,72,TP36/DP2/EP72,1,7.996440576,227.096395776,486.178553856,6.752479914666667,4697.821446144,65.24752008533333,5347.555555555556,24402746,12201373,12201373,24402.74604255319,True
A100,72,Qwen3-235B-A22B,1,72,TP72/DP1/EP72,1,7.996440576,227.096395776,470.185672704,6.530356565333334,4713.814327296,65.46964343466666,2673.777777777778,24485820,24485820,24485820,24485.820765957447,True
A100,1,GLM-4.5-355B-A32B,72,72,TP1/DP72/EP72,1,7.7116288,347.2883712,1805.0512896,25.0701568,3378.9487104,46.9298432,376832.0,8966724,124537,124537,8966.724456521739,True
A100,2,GLM-4.5-355B-A32B,36,72,TP2/DP36/EP72,1,7.7116288,347.2883712,1249.8140159999998,17.358528,3934.185984,54.641472,188416.0,10440158,290004,290004,10440.158967391304,True
A100,4,GLM-4.5-355B-A32B,18,72,TP4/DP18/EP72,1,7.7116288,347.2883712,972.1953791999999,13.5027136,4211.8046208,58.4972864,94208.0,11176876,620937,620937,11176.876222826086,True
A100,8,GLM-4.5-355B-A32B,9,72,TP8/DP9/EP72,1,7.7116288,347.2883712,833.3860608,11.5748064,4350.6139392000005,60.4251936,47104.0,11545234,1282803,1282803,11545.23485054348,True
A100,12,GLM-4.5-355B-A32B,6,72,TP12/DP6/EP72,1,7.7116288,347.2883712,787.1162879999999,10.932170666666666,4396.883712,61.067829333333336,31402.666666666668,11668021,1944670,1944670,11668.02105978261,True
A100,18,GLM-4.5-355B-A32B,4,72,TP18/DP4/EP72,1,7.7116288,347.2883712,756.2697727999999,10.503746844444445,4427.7302272,61.49625315555556,20935.11111111111,11749878,2937469,2937469,11749.878532608695,True
A100,24,GLM-4.5-355B-A32B,3,72,TP24/DP3/EP72,1,7.7116288,347.2883712,740.8465151999999,10.289534933333334,4443.1534848,61.710465066666664,15701.333333333334,11790807,3930269,3930269,11790.807269021738,True
A100,36,GLM-4.5-355B-A32B,2,72,TP36/DP2/EP72,1,7.7116288,347.2883712,725.4232575999999,10.075323022222221,4458.5767424000005,61.92467697777778,10467.555555555555,11831736,5915868,5915868,11831.736005434785,True
A100,72,GLM-4.5-355B-A32B,1,72,TP72/DP1/EP72,1,7.7116288,347.2883712,710.0,9.86111111111111,4474.0,62.138888888888886,5233.777777777777,11872664,11872664,11872664,11872.664741847826,True
A100,1,Llama-3.1-405B,72,1,TP1/DP72/EP1,1,405.0,0.0,58320.0,810.0,0.0,0.0,516096.0,0,0,0,0.0,False
A100,2,Llama-3.1-405B,36,1,TP2/DP36/EP1,1,405.0,0.0,29160.0,405.0,0.0,0.0,258048.0,0,0,0,0.0,False
A100,4,Llama-3.1-405B,18,1,TP4/DP18/EP1,1,405.0,0.0,14580.0,202.5,0.0,0.0,129024.0,0,0,0,0.0,False
A100,8,Llama-3.1-405B,9,1,TP8/DP9/EP1,1,405.0,0.0,7290.0,101.25,0.0,0.0,64512.0,0,0,0,0.0,False
A100,12,Llama-3.1-405B,6,1,TP12/DP6/EP1,1,405.0,0.0,4860.0,67.5,324.0,4.5,43008.0,627790,104631,104631,627.7901785714286,True
A100,18,Llama-3.1-405B,4,1,TP18/DP4/EP1,1,405.0,0.0,3240.0,45.0,1944.0,27.0,28672.0,3766741,941685,941685,3766.7410714285716,True
A100,24,Llama-3.1-405B,3,1,TP24/DP3/EP1,1,405.0,0.0,2430.0,33.75,2754.0,38.25,21504.0,5336216,1778738,1778738,5336.216517857143,True
A100,36,Llama-3.1-405B,2,1,TP36/DP2/EP1,1,405.0,0.0,1620.0,22.5,3564.0,49.5,14336.0,6905691,3452845,3452845,6905.691964285715,True
A100,72,Llama-3.1-405B,1,1,TP72/DP1/EP1,1,405.0,0.0,810.0,11.25,4374.0,60.75,7168.0,8475167,8475167,8475167,8475.167410714286,True
A100,1,Qwen3-Coder-480B-A35B,72,72,TP1/DP72/EP72,1,12.06976512,468.0843264,2674.21483008,37.14187264,2509.78516992,34.85812736,253952.0,9882911,137262,137262,9882.911612903226,True
A100,2,Qwen3-Coder-480B-A35B,36,72,TP2/DP36/EP72,1,12.06976512,468.0843264,1805.19174144,25.07210752,3378.80825856,46.92789248,126976.0,13304909,369580,369580,13304.909032258065,True
A100,4,Qwen3-Coder-480B-A35B,18,72,TP4/DP18/EP72,1,12.06976512,468.0843264,1370.68019712,19.03722496,3813.3198028799998,52.96277504,63488.0,15015907,834217,834217,15015.907741935484,True
A100,8,Qwen3-Coder-480B-A35B,9,72,TP8/DP9/EP72,1,12.06976512,468.0843264,1153.4244249600001,16.01978368,4030.57557504,55.98021632,31744.0,15871407,1763489,1763489,15871.407096774194,True
A100,12,Qwen3-Coder-480B-A35B,6,72,TP12/DP6/EP72,1,12.06976512,468.0843264,1081.00583424,15.01396992,4102.99416576,56.98603008,21162.666666666668,16156573,2692762,2692762,16156.573548387098,True
A100,18,Qwen3-Coder-480B-A35B,4,72,TP18/DP4/EP72,1,12.06976512,468.0843264,1032.72677376,14.343427413333334,4151.27322624,57.65657258666667,14108.444444444445,16346684,4086671,4086671,16346.684516129033,True
A100,24,Qwen3-Coder-480B-A35B,3,72,TP24/DP3/EP72,1,12.06976512,468.0843264,1008.58724352,14.00815616,4175.41275648,57.99184384,10581.333333333334,16441740,5480580,5480580,16441.74,True
A100,36,Qwen3-Coder-480B-A35B,2,72,TP36/DP2/EP72,1,12.06976512,468.0843264,984.44771328,13.672884906666667,4199.55228672,58.32711509333333,7054.222222222223,16536795,8268397,8268397,16536.795483870967,True
A100,72,Qwen3-Coder-480B-A35B,1,72,TP72/DP1/EP72,1,12.06976512,468.0843264,960.30818304,13.337613653333333,4223.69181696,58.662386346666665,3527.1111111111113,16631850,16631850,16631850,16631.85096774194,True
A100,1,DeepSeek-V3/R1-671B,72,72,TP1/DP72/EP72,1,17.116751872,653.908770816,3772.6298112,52.397636266666666,1411.3701888,19.602363733333334,70272.0,20084389,278949,278949,20084.38907103825,True
A100,2,DeepSeek-V3/R1-671B,36,72,TP2/DP36/EP72,1,17.116751872,653.908770816,2540.2236764159998,35.280884394666664,2643.7763235840002,36.719115605333336,35136.0,37622044,1045056,1045056,37622.04467759563,True
A100,4,DeepSeek-V3/R1-671B,18,72,TP4/DP18/EP72,1,17.116751872,653.908770816,1924.020609024,26.722508458666667,3259.979390976,45.27749154133333,17568.0,46390872,2577270,2577270,46390.87248087431,True
A100,8,DeepSeek-V3/R1-671B,9,72,TP8/DP9/EP72,1,17.116751872,653.908770816,1615.919075328,22.443320490666665,3568.080924672,49.556679509333335,8784.0,50775286,5641698,5641698,50775.28638251367,True
A100,12,DeepSeek-V3/R1-671B,6,72,TP12/DP6/EP72,1,17.116751872,653.908770816,1513.2185640960001,21.01692450133333,3670.781435904,50.983075498666665,5856.0,52236757,8706126,8706126,52236.75768306011,True
A100,18,DeepSeek-V3/R1-671B,4,72,TP18/DP4/EP72,1,17.116751872,653.908770816,1444.751556608,20.065993841777775,3739.248443392,51.934006158222225,3904.0,53211071,13302767,13302767,53211.07188342441,True
A100,24,DeepSeek-V3/R1-671B,3,72,TP24/DP3/EP72,1,17.116751872,653.908770816,1410.518052864,19.590528512,3773.4819471359997,52.409471488,2928.0,53698228,17899409,17899409,53698.22898360655,True
A100,36,DeepSeek-V3/R1-671B,2,72,TP36/DP2/EP72,1,17.116751872,653.908770816,1376.28454912,19.115063182222222,3807.71545088,52.88493681777778,1952.0,54185386,27092693,27092693,54185.38608378871,True
A100,72,DeepSeek-V3/R1-671B,1,72,TP72/DP1/EP72,1,17.116751872,653.908770816,1342.051045376,18.639597852444442,3841.948954624,53.36040214755556,976.0,54672543,54672543,54672543,54672.543183970854,True
A100,1,Kimi-K2-1T-A32B,72,72,TP1/DP72/EP72,1,11.721304064,1014.68602368,3717.2398325759996,51.628331008,1466.7601674240004,20.371668991999996,70272.0,20872611,289897,289897,20872.611672131156,True
A100,2,Kimi-K2-1T-A32B,36,72,TP2/DP36/EP72,1,11.721304064,1014.68602368,2873.3059399679996,39.907026944,2310.6940600320004,32.092973056,35136.0,32882144,913392,913392,32882.14452459017,True
A100,4,Kimi-K2-1T-A32B,18,72,TP4/DP18/EP72,1,11.721304064,1014.68602368,2451.3389936639996,34.046374912,2732.6610063360004,37.953625088,17568.0,38886910,2160383,2160383,38886.91095081968,True
A100,8,Kimi-K2-1T-A32B,9,72,TP8/DP9/EP72,1,11.721304064,1014.68602368,2240.355520512,31.116048896,2943.644479488,40.883951104000005,8784.0,41889294,4654366,4654366,41889.29416393443,True
A100,12,Kimi-K2-1T-A32B,6,72,TP12/DP6/EP72,1,11.721304064,1014.68602368,2170.0276961279997,30.139273557333333,3013.9723038720003,41.86072644266667,5856.0,42890088,7148348,7148348,42890.08856830602,True
A100,18,Kimi-K2-1T-A32B,4,72,TP18/DP4/EP72,1,11.721304064,1014.68602368,2123.142479872,29.48808999822222,3060.857520128,42.51191000177778,3904.0,43557284,10889321,10889321,43557.28483788707,True
A100,24,Kimi-K2-1T-A32B,3,72,TP24/DP3/EP72,1,11.721304064,1014.68602368,2099.699871744,29.162498218666666,3084.300128256,42.83750178133333,2928.0,43890882,14630294,14630294,43890.882972677595,True
A100,36,Kimi-K2-1T-A32B,2,72,TP36/DP2/EP72,1,11.721304064,1014.68602368,2076.257263616,28.83690643911111,3107.742736384,43.16309356088889,1952.0,44224481,22112240,22112240,44224.48110746812,True
A100,72,Kimi-K2-1T-A32B,1,72,TP72/DP1/EP72,1,11.721304064,1014.68602368,2052.814655488,28.511314659555556,3131.185344512,43.48868534044445,976.0,44558079,44558079,44558079,44558.07924225865,True
A100,1,DeepSeek-V4-Flash-284B,72,72,TP1/DP72/EP72,1,6.974609408,277.025390592,1558.394535936,21.644368554666666,3625.605464064,50.35563144533333,44032.0,82340240,1143614,1143614,82340.24037209302,True
A100,2,DeepSeek-V4-Flash-284B,36,72,TP2/DP36/EP72,1,6.974609408,277.025390592,1056.2226585600001,14.669759146666667,4127.77734144,57.330240853333336,22016.0,93744943,2604026,2604026,93744.94325581395,True
A100,4,DeepSeek-V4-Flash-284B,18,72,TP4/DP18/EP72,1,6.974609408,277.025390592,805.136719872,11.182454442666668,4378.863280128,60.81754555733333,11008.0,99447294,5524849,5524849,99447.29469767443,True
A100,8,DeepSeek-V4-Flash-284B,9,72,TP8/DP9/EP72,1,6.974609408,277.025390592,679.593750528,9.438802090666668,4504.406249472,62.56119790933333,5504.0,102298470,11366496,11366496,102298.47041860466,True
A100,12,DeepSeek-V4-Flash-284B,6,72,TP12/DP6/EP72,1,6.974609408,277.025390592,637.74609408,8.85758464,4546.25390592,63.14241536,3669.3333333333335,103248862,17208143,17208143,103248.8623255814,True
A100,18,DeepSeek-V4-Flash-284B,4,72,TP18/DP4/EP72,1,6.974609408,277.025390592,609.8476564480001,8.470106339555556,4574.152343552,63.52989366044444,2446.222222222222,103882456,25970614,25970614,103882.45693023255,True
A100,24,DeepSeek-V4-Flash-284B,3,72,TP24/DP3/EP72,1,6.974609408,277.025390592,595.898437632,8.276367189333333,4588.101562368,63.723632810666665,1834.6666666666667,104199254,34733084,34733084,104199.25423255815,True
A100,36,DeepSeek-V4-Flash-284B,2,72,TP36/DP2/EP72,1,6.974609408,277.025390592,581.949218816,8.082628039111112,4602.050781184,63.917371960888886,1223.111111111111,104516051,52258025,52258025,104516.05153488372,True
A100,72,DeepSeek-V4-Flash-284B,1,72,TP72/DP1/EP72,1,6.974609408,277.025390592,568.0,7.888888888888889,4616.0,64.11111111111111,611.5555555555555,104832848,104832848,104832848,104832.8488372093,True
A100,1,DeepSeek-V4-Pro-1.6T,72,72,TP1/DP72/EP72,1,52.603813888,1547.396186112,10669.741572096,148.19085516799998,0.0,0.0,44032.0,0,0,0,0.0,False
A100,2,DeepSeek-V4-Pro-1.6T,36,72,TP2/DP36/EP72,1,52.603813888,1547.396186112,6882.26697216,95.58704128,0.0,0.0,22016.0,0,0,0,0.0,False
A100,4,DeepSeek-V4-Pro-1.6T,18,72,TP4/DP18/EP72,1,52.603813888,1547.396186112,4988.529672191999,69.285134336,195.47032780800055,2.7148656640000013,11008.0,4439278,246626,246626,4439.278883720943,True
A100,8,DeepSeek-V4-Pro-1.6T,9,72,TP8/DP9/EP72,1,52.603813888,1547.396186112,4041.661022208,56.134180863999994,1142.3389777920002,15.865819136000006,5504.0,25943381,2882597,2882597,25943.381581395355,True
A100,12,DeepSeek-V4-Pro-1.6T,6,72,TP12/DP6/EP72,1,52.603813888,1547.396186112,3726.0381388799997,51.75052970666666,1457.9618611200003,20.24947029333334,3669.3333333333335,33111415,5518569,5518569,33111.41581395349,True
A100,18,DeepSeek-V4-Pro-1.6T,4,72,TP18/DP4/EP72,1,52.603813888,1547.396186112,3515.6228833279997,48.828095601777775,1668.3771166720003,23.171904398222225,2446.222222222222,37890105,9472526,9472526,37890.10530232558,True
A100,24,DeepSeek-V4-Pro-1.6T,3,72,TP24/DP3/EP72,1,52.603813888,1547.396186112,3410.415255552,47.36687854933333,1773.584744448,24.63312145066667,1834.6666666666667,40279450,13426483,13426483,40279.45004651163,True
A100,36,DeepSeek-V4-Pro-1.6T,2,72,TP36/DP2/EP72,1,52.603813888,1547.396186112,3305.2076277759998,45.90566149688888,1878.7923722240002,26.094338503111118,1223.111111111111,42668794,21334397,21334397,42668.79479069768,True
A100,72,DeepSeek-V4-Pro-1.6T,1,72,TP72/DP1/EP72,1,52.603813888,1547.396186112,3200.0,44.44444444444444,1984.0,27.555555555555557,611.5555555555555,45058139,45058139,45058139,45058.139534883725,True
H100NVL,1,Qwen3-30B-A3B,72,72,TP1/DP72/EP72,1,1.540882432,28.991029248,279.869128704,3.8870712320000003,5811.330871296,80.71292876800001,98304.0,59115914,821054,821054,59115.914625,True
H100NVL,2,Qwen3-30B-A3B,36,72,TP2/DP36/EP72,1,1.540882432,28.991029248,168.9255936,2.3461888,5922.2744064,82.2538112,49152.0,60244490,1673458,1673458,60244.490625,True
H100NVL,4,Qwen3-30B-A3B,18,72,TP4/DP18/EP72,1,1.540882432,28.991029248,113.453826048,1.5757475840000001,5977.7461739519995,83.02425241600001,24576.0,60808778,3378265,3378265,60808.77862499999,True
H100NVL,8,Qwen3-30B-A3B,9,72,TP8/DP9/EP72,1,1.540882432,28.991029248,85.717942272,1.1905269760000001,6005.482057728,83.40947302400001,12288.0,61090922,6787880,6787880,61090.922625,True
H100NVL,12,Qwen3-30B-A3B,6,72,TP12/DP6/EP72,1,1.540882432,28.991029248,76.47264768,1.0621201066666668,6014.72735232,83.53787989333334,8192.0,61184970,10197495,10197495,61184.970625,True
H100NVL,18,Qwen3-30B-A3B,4,72,TP18/DP4/EP72,1,1.540882432,28.991029248,70.30911795200001,0.9765155271111111,6020.890882048,83.6234844728889,5461.333333333333,61247669,15311917,15311917,61247.669291666665,True
H100NVL,24,Qwen3-30B-A3B,3,72,TP24/DP3/EP72,1,1.540882432,28.991029248,67.227353088,0.9337132373333333,6023.972646912,83.66628676266667,4096.0,61279018,20426339,20426339,61279.018625,True
H100NVL,36,Qwen3-30B-A3B,2,72,TP36/DP2/EP72,1,1.540882432,28.991029248,64.145588224,0.8909109475555556,6027.054411776,83.70908905244445,2730.6666666666665,61310367,30655183,30655183,61310.367958333336,True
H100NVL,72,Qwen3-30B-A3B,1,72,TP72/DP1/EP72,1,1.540882432,28.991029248,61.06382336,0.8481086577777778,6030.13617664,83.75189134222224,1365.3333333333333,61341717,61341717,61341717,61341.71729166667,True
H100NVL,1,Qwen3-32B,72,1,TP1/DP72/EP1,1,32.8,0.0,4723.2,65.6,1368.0,19.000000000000014,163840.0,8349609,115966,115966,8349.609375,True
H100NVL,2,Qwen3-32B,36,1,TP2/DP36/EP1,1,32.8,0.0,2361.6,32.8,3729.6,51.80000000000001,81920.0,22763671,632324,632324,22763.671875,True
H100NVL,4,Qwen3-32B,18,1,TP4/DP18/EP1,1,32.8,0.0,1180.8,16.4,4910.4,68.20000000000002,40960.0,29970703,1665039,1665039,29970.703125,True
H100NVL,8,Qwen3-32B,9,1,TP8/DP9/EP1,1,32.8,0.0,590.4,8.2,5500.8,76.4,20480.0,33574218,3730468,3730468,33574.21875,True
H100NVL,12,Qwen3-32B,6,1,TP12/DP6/EP1,1,32.8,0.0,393.59999999999997,5.466666666666666,5697.599999999999,79.13333333333334,13653.333333333334,34775390,5795898,5795898,34775.39062499999,True
H100NVL,18,Qwen3-32B,4,1,TP18/DP4/EP1,1,32.8,0.0,262.4,3.644444444444444,5828.8,80.95555555555556,9102.222222222223,35576171,8894042,8894042,35576.171875,True
H100NVL,24,Qwen3-32B,3,1,TP24/DP3/EP1,1,32.8,0.0,196.79999999999998,2.733333333333333,5894.4,81.86666666666667,6826.666666666667,35976562,11992187,11992187,35976.5625,True
H100NVL,36,Qwen3-32B,2,1,TP36/DP2/EP1,1,32.8,0.0,131.2,1.822222222222222,5960.0,82.77777777777779,4551.111111111111,36376953,18188476,18188476,36376.953125,True
H100NVL,72,Qwen3-32B,1,1,TP72/DP1/EP1,1,32.8,0.0,65.6,0.911111111111111,6025.599999999999,83.6888888888889,2275.5555555555557,36777343,36777343,36777343,36777.34374999999,True
H100NVL,1,Llama-3.3-70B,72,1,TP1/DP72/EP1,1,70.6,0.0,10166.4,141.2,0.0,0.0,327680.0,0,0,0,0.0,False
H100NVL,2,Llama-3.3-70B,36,1,TP2/DP36/EP1,1,70.6,0.0,5083.2,70.6,1008.0,14.000000000000014,163840.0,3076171,85449,85449,3076.171875,True
H100NVL,4,Llama-3.3-70B,18,1,TP4/DP18/EP1,1,70.6,0.0,2541.6,35.3,3549.6,49.30000000000001,81920.0,10832519,601806,601806,10832.51953125,True
H100NVL,8,Llama-3.3-70B,9,1,TP8/DP9/EP1,1,70.6,0.0,1270.8,17.65,4820.4,66.95000000000002,40960.0,14710693,1634521,1634521,14710.693359375,True
H100NVL,12,Llama-3.3-70B,6,1,TP12/DP6/EP1,1,70.6,0.0,847.1999999999999,11.766666666666666,5244.0,72.83333333333334,27306.666666666668,16003417,2667236,2667236,16003.41796875,True
H100NVL,18,Llama-3.3-70B,4,1,TP18/DP4/EP1,1,70.6,0.0,564.8,7.844444444444444,5526.4,76.75555555555556,18204.444444444445,16865234,4216308,4216308,16865.234375,True
H100NVL,24,Llama-3.3-70B,3,1,TP24/DP3/EP1,1,70.6,0.0,423.59999999999997,5.883333333333333,5667.599999999999,78.71666666666667,13653.333333333334,17296142,5765380,5765380,17296.142578124996,True
H100NVL,36,Llama-3.3-70B,2,1,TP36/DP2/EP1,1,70.6,0.0,282.4,3.922222222222222,5808.8,80.67777777777779,9102.222222222223,17727050,8863525,8863525,17727.05078125,True
H100NVL,72,Llama-3.3-70B,1,1,TP72/DP1/EP1,1,70.6,0.0,141.2,1.961111111111111,5950.0,82.6388888888889,4551.111111111111,18157958,18157958,18157958,18157.958984375,True
H100NVL,1,Qwen3-235B-A22B,72,72,TP1/DP72/EP72,1,7.996440576,227.096395776,1605.6802344960001,22.301114368,4485.519765503999,62.29888563200001,192512.0,23299948,323610,323610,23299.94891489361,True
H100NVL,2,Qwen3-235B-A22B,36,72,TP2/DP36/EP72,1,7.996440576,227.096395776,1029.936513024,14.304673792,5061.2634869759995,70.295326208,96256.0,26290638,730295,730295,26290.63895744681,True
H100NVL,4,Qwen3-235B-A22B,18,72,TP4/DP18/EP72,1,7.996440576,227.096395776,742.064652288,10.306453504,5349.135347712,74.293546496,48128.0,27785983,1543665,1543665,27785.9839787234,True
H100NVL,8,Qwen3-235B-A22B,9,72,TP8/DP9/EP72,1,7.996440576,227.096395776,598.1287219200001,8.30734336,5493.0712780799995,76.29265664,24064.0,28533656,3170406,3170406,28533.656489361696,True
H100NVL,12,Qwen3-235B-A22B,6,72,TP12/DP6/EP72,1,7.996440576,227.096395776,550.150078464,7.640973312000001,5541.049921536,76.95902668800001,16042.666666666666,28782880,4797146,4797146,28782.880659574468,True
H100NVL,18,Qwen3-235B-A22B,4,72,TP18/DP4/EP72,1,7.996440576,227.096395776,518.16431616,7.196726613333334,5573.03568384,77.40327338666667,10695.111111111111,28949030,7237257,7237257,28949.030106382976,True
H100NVL,24,Qwen3-235B-A22B,3,72,TP24/DP3/EP72,1,7.996440576,227.096395776,502.171435008,6.974603264000001,5589.028564992,77.62539673600001,8021.333333333333,29032104,9677368,9677368,29032.104829787237,True
H100NVL,36,Qwen3-235B-A22B,2,72,TP36/DP2/EP72,1,7.996440576,227.096395776,486.178553856,6.752479914666667,5605.021446144,77.84752008533334,5347.555555555556,29115179,14557589,14557589,29115.17955319149,True
H100NVL,72,Qwen3-235B-A22B,1,72,TP72/DP1/EP72,1,7.996440576,227.096395776,470.185672704,6.530356565333334,5621.0143272959995,78.06964343466667,2673.777777777778,29198254,29198254,29198254,29198.254276595737,True
H100NVL,1,GLM-4.5-355B-A32B,72,72,TP1/DP72/EP72,1,7.7116288,347.2883712,1805.0512896,25.0701568,4286.1487104,59.52984320000001,376832.0,11374163,157974,157974,11374.16331521739,True
H100NVL,2,GLM-4.5-355B-A32B,36,72,TP2/DP36/EP72,1,7.7116288,347.2883712,1249.8140159999998,17.358528,4841.3859840000005,67.24147200000002,188416.0,12847597,356877,356877,12847.597826086958,True
H100NVL,4,GLM-4.5-355B-A32B,18,72,TP4/DP18/EP72,1,7.7116288,347.2883712,972.1953791999999,13.5027136,5119.0046208,71.0972864,94208.0,13584315,754684,754684,13584.315081521738,True
H100NVL,8,GLM-4.5-355B-A32B,9,72,TP8/DP9/EP72,1,7.7116288,347.2883712,833.3860608,11.5748064,5257.813939199999,73.02519360000001,47104.0,13952673,1550297,1550297,13952.673709239127,True
H100NVL,12,GLM-4.5-355B-A32B,6,72,TP12/DP6/EP72,1,7.7116288,347.2883712,787.1162879999999,10.932170666666666,5304.083712,73.66782933333334,31402.666666666668,14075459,2345909,2345909,14075.459918478262,True
H100NVL,18,GLM-4.5-355B-A32B,4,72,TP18/DP4/EP72,1,7.7116288,347.2883712,756.2697727999999,10.503746844444445,5334.9302271999995,74.09625315555556,20935.11111111111,14157317,3539329,3539329,14157.317391304348,True
H100NVL,24,GLM-4.5-355B-A32B,3,72,TP24/DP3/EP72,1,7.7116288,347.2883712,740.8465151999999,10.289534933333334,5350.3534848,74.31046506666668,15701.333333333334,14198246,4732748,4732748,14198.24612771739,True
H100NVL,36,GLM-4.5-355B-A32B,2,72,TP36/DP2/EP72,1,7.7116288,347.2883712,725.4232575999999,10.075323022222221,5365.776742399999,74.52467697777779,10467.555555555555,14239174,7119587,7119587,14239.174864130431,True
H100NVL,72,GLM-4.5-355B-A32B,1,72,TP72/DP1/EP72,1,7.7116288,347.2883712,710.0,9.86111111111111,5381.2,74.7388888888889,5233.777777777777,14280103,14280103,14280103,14280.103600543478,True
H100NVL,1,Llama-3.1-405B,72,1,TP1/DP72/EP1,1,405.0,0.0,58320.0,810.0,0.0,0.0,516096.0,0,0,0,0.0,False
H100NVL,2,Llama-3.1-405B,36,1,TP2/DP36/EP1,1,405.0,0.0,29160.0,405.0,0.0,0.0,258048.0,0,0,0,0.0,False
H100NVL,4,Llama-3.1-405B,18,1,TP4/DP18/EP1,1,405.0,0.0,14580.0,202.5,0.0,0.0,129024.0,0,0,0,0.0,False
H100NVL,8,Llama-3.1-405B,9,1,TP8/DP9/EP1,1,405.0,0.0,7290.0,101.25,0.0,0.0,64512.0,0,0,0,0.0,False
H100NVL,12,Llama-3.1-405B,6,1,TP12/DP6/EP1,1,405.0,0.0,4860.0,67.5,1231.1999999999998,17.10000000000001,43008.0,2385602,397600,397600,2385.602678571428,True
H100NVL,18,Llama-3.1-405B,4,1,TP18/DP4/EP1,1,405.0,0.0,3240.0,45.0,2851.2,39.60000000000001,28672.0,5524553,1381138,1381138,5524.553571428572,True
H100NVL,24,Llama-3.1-405B,3,1,TP24/DP3/EP1,1,405.0,0.0,2430.0,33.75,3661.2,50.85000000000001,21504.0,7094029,2364676,2364676,7094.029017857143,True
H100NVL,36,Llama-3.1-405B,2,1,TP36/DP2/EP1,1,405.0,0.0,1620.0,22.5,4471.2,62.10000000000001,14336.0,8663504,4331752,4331752,8663.504464285714,True
H100NVL,72,Llama-3.1-405B,1,1,TP72/DP1/EP1,1,405.0,0.0,810.0,11.25,5281.2,73.35000000000001,7168.0,10232979,10232979,10232979,10232.979910714286,True
H100NVL,1,Qwen3-Coder-480B-A35B,72,72,TP1/DP72/EP72,1,12.06976512,468.0843264,2674.21483008,37.14187264,3416.98516992,47.458127360000006,253952.0,13455240,186878,186878,13455.240241935484,True
H100NVL,2,Qwen3-Coder-480B-A35B,36,72,TP2/DP36/EP72,1,12.06976512,468.0843264,1805.19174144,25.07210752,4286.008258559999,59.527892480000006,126976.0,16877237,468812,468812,16877.23766129032,True
H100NVL,4,Qwen3-Coder-480B-A35B,18,72,TP4/DP18/EP72,1,12.06976512,468.0843264,1370.68019712,19.03722496,4720.51980288,65.56277504,63488.0,18588236,1032679,1032679,18588.23637096774,True
H100NVL,8,Qwen3-Coder-480B-A35B,9,72,TP8/DP9/EP72,1,12.06976512,468.0843264,1153.4244249600001,16.01978368,4937.775575039999,68.58021632,31744.0,19443735,2160415,2160415,19443.735725806448,True
H100NVL,12,Qwen3-Coder-480B-A35B,6,72,TP12/DP6/EP72,1,12.06976512,468.0843264,1081.00583424,15.01396992,5010.19416576,69.58603008000001,21162.666666666668,19728902,3288150,3288150,19728.902177419353,True
H100NVL,18,Qwen3-Coder-480B-A35B,4,72,TP18/DP4/EP72,1,12.06976512,468.0843264,1032.72677376,14.343427413333334,5058.473226239999,70.25657258666668,14108.444444444445,19919013,4979753,4979753,19919.013145161287,True
H100NVL,24,Qwen3-Coder-480B-A35B,3,72,TP24/DP3/EP72,1,12.06976512,468.0843264,1008.58724352,14.00815616,5082.61275648,70.59184384000001,10581.333333333334,20014068,6671356,6671356,20014.06862903226,True
H100NVL,36,Qwen3-Coder-480B-A35B,2,72,TP36/DP2/EP72,1,12.06976512,468.0843264,984.44771328,13.672884906666667,5106.75228672,70.92711509333334,7054.222222222223,20109124,10054562,10054562,20109.124112903228,True
H100NVL,72,Qwen3-Coder-480B-A35B,1,72,TP72/DP1/EP72,1,12.06976512,468.0843264,960.30818304,13.337613653333333,5130.89181696,71.26238634666667,3527.1111111111113,20204179,20204179,20204179,20204.179596774193,True
H100NVL,1,DeepSeek-V3/R1-671B,72,72,TP1/DP72/EP72,1,17.116751872,653.908770816,3772.6298112,52.397636266666666,2318.5701888,32.20236373333334,70272.0,32994225,458253,458253,32994.22513661202,True
H100NVL,2,DeepSeek-V3/R1-671B,36,72,TP2/DP36/EP72,1,17.116751872,653.908770816,2540.2236764159998,35.280884394666664,3550.976323584,49.319115605333344,35136.0,50531880,1403663,1403663,50531.8807431694,True
H100NVL,4,DeepSeek-V3/R1-671B,18,72,TP4/DP18/EP72,1,17.116751872,653.908770816,1924.020609024,26.722508458666667,4167.179390976,57.87749154133334,17568.0,59300708,3294483,3294483,59300.70854644809,True
H100NVL,8,DeepSeek-V3/R1-671B,9,72,TP8/DP9/EP72,1,17.116751872,653.908770816,1615.919075328,22.443320490666665,4475.280924672,62.156679509333344,8784.0,63685122,7076124,7076124,63685.12244808743,True
H100NVL,12,DeepSeek-V3/R1-671B,6,72,TP12/DP6/EP72,1,17.116751872,653.908770816,1513.2185640960001,21.01692450133333,4577.981435903999,63.58307549866667,5856.0,65146593,10857765,10857765,65146.593748633866,True
H100NVL,18,DeepSeek-V3/R1-671B,4,72,TP18/DP4/EP72,1,17.116751872,653.908770816,1444.751556608,20.065993841777775,4646.448443392,64.53400615822224,3904.0,66120907,16530226,16530226,66120.90794899818,True
H100NVL,24,DeepSeek-V3/R1-671B,3,72,TP24/DP3/EP72,1,17.116751872,653.908770816,1410.518052864,19.590528512,4680.6819471359995,65.009471488,2928.0,66608065,22202688,22202688,66608.06504918031,True
H100NVL,36,DeepSeek-V3/R1-671B,2,72,TP36/DP2/EP72,1,17.116751872,653.908770816,1376.28454912,19.115063182222222,4714.91545088,65.4849368177778,1952.0,67095222,33547611,33547611,67095.22214936247,True
H100NVL,72,DeepSeek-V3/R1-671B,1,72,TP72/DP1/EP72,1,17.116751872,653.908770816,1342.051045376,18.639597852444442,4749.148954624,65.96040214755557,976.0,67582379,67582379,67582379,67582.37924954463,True
H100NVL,1,Kimi-K2-1T-A32B,72,72,TP1/DP72/EP72,1,11.721304064,1014.68602368,3717.2398325759996,51.628331008,2373.9601674240002,32.971668992000005,70272.0,33782447,469200,469200,33782.447737704926,True
H100NVL,2,Kimi-K2-1T-A32B,36,72,TP2/DP36/EP72,1,11.721304064,1014.68602368,2873.3059399679996,39.907026944,3217.894060032,44.69297305600001,35136.0,45791980,1271999,1271999,45791.980590163934,True
H100NVL,4,Kimi-K2-1T-A32B,18,72,TP4/DP18/EP72,1,11.721304064,1014.68602368,2451.3389936639996,34.046374912,3639.861006336,50.55362508800001,17568.0,51796747,2877597,2877597,51796.74701639345,True
H100NVL,8,Kimi-K2-1T-A32B,9,72,TP8/DP9/EP72,1,11.721304064,1014.68602368,2240.355520512,31.116048896,3850.8444794879997,53.48395110400001,8784.0,54799130,6088792,6088792,54799.13022950819,True
H100NVL,12,Kimi-K2-1T-A32B,6,72,TP12/DP6/EP72,1,11.721304064,1014.68602368,2170.0276961279997,30.139273557333333,3921.172303872,54.460726442666676,5856.0,55799924,9299987,9299987,55799.92463387978,True
H100NVL,18,Kimi-K2-1T-A32B,4,72,TP18/DP4/EP72,1,11.721304064,1014.68602368,2123.142479872,29.48808999822222,3968.057520128,55.11191000177779,3904.0,56467120,14116780,14116780,56467.12090346084,True
H100NVL,24,Kimi-K2-1T-A32B,3,72,TP24/DP3/EP72,1,11.721304064,1014.68602368,2099.699871744,29.162498218666666,3991.5001282559997,55.43750178133334,2928.0,56800719,18933573,18933573,56800.719038251365,True
H100NVL,36,Kimi-K2-1T-A32B,2,72,TP36/DP2/EP72,1,11.721304064,1014.68602368,2076.257263616,28.83690643911111,4014.942736384,55.7630935608889,1952.0,57134317,28567158,28567158,57134.3171730419,True
H100NVL,72,Kimi-K2-1T-A32B,1,72,TP72/DP1/EP72,1,11.721304064,1014.68602368,2052.814655488,28.511314659555556,4038.385344512,56.08868534044446,976.0,57467915,57467915,57467915,57467.91530783242,True
H100NVL,1,DeepSeek-V4-Flash-284B,72,72,TP1/DP72/EP72,1,6.974609408,277.025390592,1558.394535936,21.644368554666666,4532.805464064,62.95563144533334,44032.0,102943438,1429769,1429769,102943.43804651164,True
H100NVL,2,DeepSeek-V4-Flash-284B,36,72,TP2/DP36/EP72,1,6.974609408,277.025390592,1056.2226585600001,14.669759146666667,5034.97734144,69.93024085333334,22016.0,114348140,3176337,3176337,114348.14093023255,True
H100NVL,4,DeepSeek-V4-Flash-284B,18,72,TP4/DP18/EP72,1,6.974609408,277.025390592,805.136719872,11.182454442666668,5286.063280128,73.41754555733334,11008.0,120050492,6669471,6669471,120050.49237209302,True
H100NVL,8,DeepSeek-V4-Flash-284B,9,72,TP8/DP9/EP72,1,6.974609408,277.025390592,679.593750528,9.438802090666668,5411.606249472,75.16119790933334,5504.0,122901668,13655740,13655740,122901.66809302325,True
H100NVL,12,DeepSeek-V4-Flash-284B,6,72,TP12/DP6/EP72,1,6.974609408,277.025390592,637.74609408,8.85758464,5453.45390592,75.74241536000001,3669.3333333333335,123852060,20642010,20642010,123852.06,True
H100NVL,18,DeepSeek-V4-Flash-284B,4,72,TP18/DP4/EP72,1,6.974609408,277.025390592,609.8476564480001,8.470106339555556,5481.352343552,76.12989366044445,2446.222222222222,124485654,31121413,31121413,124485.65460465116,True
H100NVL,24,DeepSeek-V4-Flash-284B,3,72,TP24/DP3/EP72,1,6.974609408,277.025390592,595.898437632,8.276367189333333,5495.301562368,76.32363281066668,1834.6666666666667,124802451,41600817,41600817,124802.45190697674,True
H100NVL,36,DeepSeek-V4-Flash-284B,2,72,TP36/DP2/EP72,1,6.974609408,277.025390592,581.949218816,8.082628039111112,5509.250781184,76.5173719608889,1223.111111111111,125119249,62559624,62559624,125119.24920930232,True
H100NVL,72,DeepSeek-V4-Flash-284B,1,72,TP72/DP1/EP72,1,6.974609408,277.025390592,568.0,7.888888888888889,5523.2,76.71111111111112,611.5555555555555,125436046,125436046,125436046,125436.04651162791,True
H100NVL,1,DeepSeek-V4-Pro-1.6T,72,72,TP1/DP72/EP72,1,52.603813888,1547.396186112,10669.741572096,148.19085516799998,0.0,0.0,44032.0,0,0,0,0.0,False
H100NVL,2,DeepSeek-V4-Pro-1.6T,36,72,TP2/DP36/EP72,1,52.603813888,1547.396186112,6882.26697216,95.58704128,0.0,0.0,22016.0,0,0,0,0.0,False
H100NVL,4,DeepSeek-V4-Pro-1.6T,18,72,TP4/DP18/EP72,1,52.603813888,1547.396186112,4988.529672191999,69.285134336,1102.6703278080004,15.31486566400001,11008.0,25042476,1391248,1391248,25042.47655813954,True
H100NVL,8,DeepSeek-V4-Pro-1.6T,9,72,TP8/DP9/EP72,1,52.603813888,1547.396186112,4041.661022208,56.134180863999994,2049.538977792,28.465819136000015,5504.0,46546579,5171842,5171842,46546.57925581396,True
H100NVL,12,DeepSeek-V4-Pro-1.6T,6,72,TP12/DP6/EP72,1,52.603813888,1547.396186112,3726.0381388799997,51.75052970666666,2365.16186112,32.84947029333335,3669.3333333333335,53714613,8952435,8952435,53714.613488372095,True
H100NVL,18,DeepSeek-V4-Pro-1.6T,4,72,TP18/DP4/EP72,1,52.603813888,1547.396186112,3515.6228833279997,48.828095601777775,2575.577116672,35.77190439822223,2446.222222222222,58493302,14623325,14623325,58493.302976744184,True
H100NVL,24,DeepSeek-V4-Pro-1.6T,3,72,TP24/DP3/EP72,1,52.603813888,1547.396186112,3410.415255552,47.36687854933333,2680.784744448,37.23312145066668,1834.6666666666667,60882647,20294215,20294215,60882.64772093023,True
H100NVL,36,DeepSeek-V4-Pro-1.6T,2,72,TP36/DP2/EP72,1,52.603813888,1547.396186112,3305.2076277759998,45.90566149688888,2785.992372224,38.694338503111126,1223.111111111111,63271992,31635996,31635996,63271.99246511628,True
H100NVL,72,DeepSeek-V4-Pro-1.6T,1,72,TP72/DP1/EP72,1,52.603813888,1547.396186112,3200.0,44.44444444444444,2891.2,40.155555555555566,611.5555555555555,65661337,65661337,65661337,65661.33720930234,True
B200,1,Qwen3-30B-A3B,72,72,TP1/DP72/EP72,1,1.540882432,28.991029248,279.869128704,3.8870712320000003,11772.930871296001,163.512928768,98304.0,119760445,1663339,1663339,119760.44587500002,True
B200,2,Qwen3-30B-A3B,36,72,TP2/DP36/EP72,1,1.540882432,28.991029248,168.9255936,2.3461888,11883.8744064,165.0538112,49152.0,120889021,3358028,3358028,120889.021875,True
B200,4,Qwen3-30B-A3B,18,72,TP4/DP18/EP72,1,1.540882432,28.991029248,113.453826048,1.5757475840000001,11939.346173952,165.824252416,24576.0,121453309,6747406,6747406,121453.309875,True
B200,8,Qwen3-30B-A3B,9,72,TP8/DP9/EP72,1,1.540882432,28.991029248,85.717942272,1.1905269760000001,11967.082057728001,166.209473024,12288.0,121735453,13526161,13526161,121735.45387500002,True
B200,12,Qwen3-30B-A3B,6,72,TP12/DP6/EP72,1,1.540882432,28.991029248,76.47264768,1.0621201066666668,11976.32735232,166.33787989333334,8192.0,121829501,20304916,20304916,121829.501875,True
B200,18,Qwen3-30B-A3B,4,72,TP18/DP4/EP72,1,1.540882432,28.991029248,70.30911795200001,0.9765155271111111,11982.490882048001,166.4234844728889,5461.333333333333,121892200,30473050,30473050,121892.20054166668,True
B200,24,Qwen3-30B-A3B,3,72,TP24/DP3/EP72,1,1.540882432,28.991029248,67.227353088,0.9337132373333333,11985.572646912002,166.46628676266667,4096.0,121923549,40641183,40641183,121923.54987500001,True
B200,36,Qwen3-30B-A3B,2,72,TP36/DP2/EP72,1,1.540882432,28.991029248,64.145588224,0.8909109475555556,11988.654411776,166.50908905244444,2730.6666666666665,121954899,60977449,60977449,121954.89920833333,True
B200,72,Qwen3-30B-A3B,1,72,TP72/DP1/EP72,1,1.540882432,28.991029248,61.06382336,0.8481086577777778,11991.73617664,166.55189134222223,1365.3333333333333,121986248,121986248,121986248,121986.24854166668,True
B200,1,Qwen3-32B,72,1,TP1/DP72/EP1,1,32.8,0.0,4723.2,65.6,7329.600000000001,101.80000000000001,163840.0,44736328,621337,621337,44736.32812500001,True
B200,2,Qwen3-32B,36,1,TP2/DP36/EP1,1,32.8,0.0,2361.6,32.8,9691.2,134.60000000000002,81920.0,59150390,1643066,1643066,59150.390625,True
B200,4,Qwen3-32B,18,1,TP4/DP18/EP1,1,32.8,0.0,1180.8,16.4,10872.000000000002,151.0,40960.0,66357421,3686523,3686523,66357.42187500001,True
B200,8,Qwen3-32B,9,1,TP8/DP9/EP1,1,32.8,0.0,590.4,8.2,11462.400000000001,159.20000000000002,20480.0,69960937,7773437,7773437,69960.93750000001,True
B200,12,Qwen3-32B,6,1,TP12/DP6/EP1,1,32.8,0.0,393.59999999999997,5.466666666666666,11659.2,161.93333333333334,13653.333333333334,71162109,11860351,11860351,71162.109375,True
B200,18,Qwen3-32B,4,1,TP18/DP4/EP1,1,32.8,0.0,262.4,3.644444444444444,11790.400000000001,163.75555555555556,9102.222222222223,71962890,17990722,17990722,71962.89062500001,True
B200,24,Qwen3-32B,3,1,TP24/DP3/EP1,1,32.8,0.0,196.79999999999998,2.733333333333333,11856.000000000002,164.66666666666669,6826.666666666667,72363281,24121093,24121093,72363.28125000001,True
B200,36,Qwen3-32B,2,1,TP36/DP2/EP1,1,32.8,0.0,131.2,1.822222222222222,11921.6,165.57777777777778,4551.111111111111,72763671,36381835,36381835,72763.671875,True
B200,72,Qwen3-32B,1,1,TP72/DP1/EP1,1,32.8,0.0,65.6,0.911111111111111,11987.2,166.4888888888889,2275.5555555555557,73164062,73164062,73164062,73164.0625,True
B200,1,Llama-3.3-70B,72,1,TP1/DP72/EP1,1,70.6,0.0,10166.4,141.2,1886.4000000000015,26.200000000000017,327680.0,5756835,79956,79956,5756.835937500005,True
B200,2,Llama-3.3-70B,36,1,TP2/DP36/EP1,1,70.6,0.0,5083.2,70.6,6969.600000000001,96.80000000000001,163840.0,21269531,590820,590820,21269.531250000004,True
B200,4,Llama-3.3-70B,18,1,TP4/DP18/EP1,1,70.6,0.0,2541.6,35.3,9511.2,132.10000000000002,81920.0,29025878,1612548,1612548,29025.87890625,True
B200,8,Llama-3.3-70B,9,1,TP8/DP9/EP1,1,70.6,0.0,1270.8,17.65,10782.000000000002,149.75,40960.0,32904052,3656005,3656005,32904.05273437501,True
B200,12,Llama-3.3-70B,6,1,TP12/DP6/EP1,1,70.6,0.0,847.1999999999999,11.766666666666666,11205.6,155.63333333333333,27306.666666666668,34196777,5699462,5699462,34196.77734375,True
B200,18,Llama-3.3-70B,4,1,TP18/DP4/EP1,1,70.6,0.0,564.8,7.844444444444444,11488.000000000002,159.55555555555557,18204.444444444445,35058593,8764648,8764648,35058.59375000001,True
B200,24,Llama-3.3-70B,3,1,TP24/DP3/EP1,1,70.6,0.0,423.59999999999997,5.883333333333333,11629.2,161.51666666666668,13653.333333333334,35489501,11829833,11829833,35489.501953125,True
B200,36,Llama-3.3-70B,2,1,TP36/DP2/EP1,1,70.6,0.0,282.4,3.922222222222222,11770.400000000001,163.4777777777778,9102.222222222223,35920410,17960205,17960205,35920.41015625001,True
B200,72,Llama-3.3-70B,1,1,TP72/DP1/EP1,1,70.6,0.0,141.2,1.961111111111111,11911.6,165.4388888888889,4551.111111111111,36351318,36351318,36351318,36351.318359375,True
B200,1,Qwen3-235B-A22B,72,72,TP1/DP72/EP72,1,7.996440576,227.096395776,1605.6802344960001,22.301114368,10447.119765504001,145.09888563200002,192512.0,54267369,753713,753713,54267.36912765958,True
B200,2,Qwen3-235B-A22B,36,72,TP2/DP36/EP72,1,7.996440576,227.096395776,1029.936513024,14.304673792,11022.863486976,153.09532620800002,96256.0,57258059,1590501,1590501,57258.05917021277,True
B200,4,Qwen3-235B-A22B,18,72,TP4/DP18/EP72,1,7.996440576,227.096395776,742.064652288,10.306453504,11310.735347712001,157.09354649600002,48128.0,58753404,3264078,3264078,58753.40419148937,True
B200,8,Qwen3-235B-A22B,9,72,TP8/DP9/EP72,1,7.996440576,227.096395776,598.1287219200001,8.30734336,11454.67127808,159.09265664,24064.0,59501076,6611230,6611230,59501.076702127655,True
B200,12,Qwen3-235B-A22B,6,72,TP12/DP6/EP72,1,7.996440576,227.096395776,550.150078464,7.640973312000001,11502.649921536002,159.759026688,16042.666666666666,59750300,9958383,9958383,59750.300872340435,True
B200,18,Qwen3-235B-A22B,4,72,TP18/DP4/EP72,1,7.996440576,227.096395776,518.16431616,7.196726613333334,11534.63568384,160.20327338666667,10695.111111111111,59916450,14979112,14979112,59916.450319148935,True
B200,24,Qwen3-235B-A22B,3,72,TP24/DP3/EP72,1,7.996440576,227.096395776,502.171435008,6.974603264000001,11550.628564992001,160.425396736,8021.333333333333,59999525,19999841,19999841,59999.52504255319,True
B200,36,Qwen3-235B-A22B,2,72,TP36/DP2/EP72,1,7.996440576,227.096395776,486.178553856,6.752479914666667,11566.621446144001,160.64752008533333,5347.555555555556,60082599,30041299,30041299,60082.59976595746,True
B200,72,Qwen3-235B-A22B,1,72,TP72/DP1/EP72,1,7.996440576,227.096395776,470.185672704,6.530356565333334,11582.614327296002,160.86964343466667,2673.777777777778,60165674,60165674,60165674,60165.674489361714,True
B200,1,GLM-4.5-355B-A32B,72,72,TP1/DP72/EP72,1,7.7116288,347.2883712,1805.0512896,25.0701568,10247.748710400001,142.3298432,376832.0,27194475,377701,377701,27194.475815217396,True
B200,2,GLM-4.5-355B-A32B,36,72,TP2/DP36/EP72,1,7.7116288,347.2883712,1249.8140159999998,17.358528,10802.985984,150.041472,188416.0,28667910,796330,796330,28667.910326086956,True
B200,4,GLM-4.5-355B-A32B,18,72,TP4/DP18/EP72,1,7.7116288,347.2883712,972.1953791999999,13.5027136,11080.6046208,153.8972864,94208.0,29404627,1633590,1633590,29404.627581521738,True
B200,8,GLM-4.5-355B-A32B,9,72,TP8/DP9/EP72,1,7.7116288,347.2883712,833.3860608,11.5748064,11219.413939200002,155.8251936,47104.0,29772986,3308109,3308109,29772.986209239138,True
B200,12,GLM-4.5-355B-A32B,6,72,TP12/DP6/EP72,1,7.7116288,347.2883712,787.1162879999999,10.932170666666666,11265.683712000002,156.46782933333333,31402.666666666668,29895772,4982628,4982628,29895.772418478264,True
B200,18,GLM-4.5-355B-A32B,4,72,TP18/DP4/EP72,1,7.7116288,347.2883712,756.2697727999999,10.503746844444445,11296.5302272,156.89625315555557,20935.11111111111,29977629,7494407,7494407,29977.629891304347,True
B200,24,GLM-4.5-355B-A32B,3,72,TP24/DP3/EP72,1,7.7116288,347.2883712,740.8465151999999,10.289534933333334,11311.9534848,157.11046506666668,15701.333333333334,30018558,10006186,10006186,30018.55862771739,True
B200,36,GLM-4.5-355B-A32B,2,72,TP36/DP2/EP72,1,7.7116288,347.2883712,725.4232575999999,10.075323022222221,11327.376742400002,157.32467697777778,10467.555555555555,30059487,15029743,15029743,30059.48736413044,True
B200,72,GLM-4.5-355B-A32B,1,72,TP72/DP1/EP72,1,7.7116288,347.2883712,710.0,9.86111111111111,11342.800000000001,157.5388888888889,5233.777777777777,30100416,30100416,30100416,30100.416100543483,True
B200,1,Llama-3.1-405B,72,1,TP1/DP72/EP1,1,405.0,0.0,58320.0,810.0,0.0,0.0,516096.0,0,0,0,0.0,False
B200,2,Llama-3.1-405B,36,1,TP2/DP36/EP1,1,405.0,0.0,29160.0,405.0,0.0,0.0,258048.0,0,0,0,0.0,False
B200,4,Llama-3.1-405B,18,1,TP4/DP18/EP1,1,405.0,0.0,14580.0,202.5,0.0,0.0,129024.0,0,0,0,0.0,False
B200,8,Llama-3.1-405B,9,1,TP8/DP9/EP1,1,405.0,0.0,7290.0,101.25,4762.800000000001,66.15,64512.0,9228515,1025390,1025390,9228.515625000002,True
B200,12,Llama-3.1-405B,6,1,TP12/DP6/EP1,1,405.0,0.0,4860.0,67.5,7192.800000000001,99.9,43008.0,13936941,2322823,2322823,13936.941964285716,True
B200,18,Llama-3.1-405B,4,1,TP18/DP4/EP1,1,405.0,0.0,3240.0,45.0,8812.800000000001,122.4,28672.0,17075892,4268973,4268973,17075.892857142862,True
B200,24,Llama-3.1-405B,3,1,TP24/DP3/EP1,1,405.0,0.0,2430.0,33.75,9622.800000000001,133.65,21504.0,18645368,6215122,6215122,18645.36830357143,True
B200,36,Llama-3.1-405B,2,1,TP36/DP2/EP1,1,405.0,0.0,1620.0,22.5,10432.800000000001,144.9,14336.0,20214843,10107421,10107421,20214.843750000004,True
B200,72,Llama-3.1-405B,1,1,TP72/DP1/EP1,1,405.0,0.0,810.0,11.25,11242.800000000001,156.15,7168.0,21784319,21784319,21784319,21784.319196428576,True
B200,1,Qwen3-Coder-480B-A35B,72,72,TP1/DP72/EP72,1,12.06976512,468.0843264,2674.21483008,37.14187264,9378.585169920001,130.25812736,253952.0,36930542,512924,512924,36930.54266129033,True
B200,2,Qwen3-Coder-480B-A35B,36,72,TP2/DP36/EP72,1,12.06976512,468.0843264,1805.19174144,25.07210752,10247.608258560002,142.32789248,126976.0,40352540,1120903,1120903,40352.540080645165,True
B200,4,Qwen3-Coder-480B-A35B,18,72,TP4/DP18/EP72,1,12.06976512,468.0843264,1370.68019712,19.03722496,10682.11980288,148.36277504,63488.0,42063538,2336863,2336863,42063.53879032258,True
B200,8,Qwen3-Coder-480B-A35B,9,72,TP8/DP9/EP72,1,12.06976512,468.0843264,1153.4244249600001,16.01978368,10899.375575040001,151.38021632000002,31744.0,42919038,4768782,4768782,42919.0381451613,True
B200,12,Qwen3-Coder-480B-A35B,6,72,TP12/DP6/EP72,1,12.06976512,468.0843264,1081.00583424,15.01396992,10971.79416576,152.38603008,21162.666666666668,43204204,7200700,7200700,43204.204596774194,True
B200,18,Qwen3-Coder-480B-A35B,4,72,TP18/DP4/EP72,1,12.06976512,468.0843264,1032.72677376,14.343427413333334,11020.073226240002,153.05657258666668,14108.444444444445,43394315,10848578,10848578,43394.31556451613,True
B200,24,Qwen3-Coder-480B-A35B,3,72,TP24/DP3/EP72,1,12.06976512,468.0843264,1008.58724352,14.00815616,11044.212756480001,153.39184384,10581.333333333334,43489371,14496457,14496457,43489.371048387104,True
B200,36,Qwen3-Coder-480B-A35B,2,72,TP36/DP2/EP72,1,12.06976512,468.0843264,984.44771328,13.672884906666667,11068.35228672,153.72711509333334,7054.222222222223,43584426,21792213,21792213,43584.42653225806,True
B200,72,Qwen3-Coder-480B-A35B,1,72,TP72/DP1/EP72,1,12.06976512,468.0843264,960.30818304,13.337613653333333,11092.49181696,154.06238634666667,3527.1111111111113,43679482,43679482,43679482,43679.48201612903,True
B200,1,DeepSeek-V3/R1-671B,72,72,TP1/DP72/EP72,1,17.116751872,653.908770816,3772.6298112,52.397636266666666,8280.1701888,115.00236373333334,70272.0,117830290,1636531,1636531,117830.29071038253,True
B200,2,DeepSeek-V3/R1-671B,36,72,TP2/DP36/EP72,1,17.116751872,653.908770816,2540.2236764159998,35.280884394666664,9512.576323584002,132.11911560533335,35136.0,135367946,3760220,3760220,135367.94631693992,True
B200,4,DeepSeek-V3/R1-671B,18,72,TP4/DP18/EP72,1,17.116751872,653.908770816,1924.020609024,26.722508458666667,10128.779390976,140.67749154133332,17568.0,144136774,8007598,8007598,144136.7741202186,True
B200,8,DeepSeek-V3/R1-671B,9,72,TP8/DP9/EP72,1,17.116751872,653.908770816,1615.919075328,22.443320490666665,10436.880924672001,144.95667950933336,8784.0,148521188,16502354,16502354,148521.18802185796,True
B200,12,DeepSeek-V3/R1-671B,6,72,TP12/DP6/EP72,1,17.116751872,653.908770816,1513.2185640960001,21.01692450133333,10539.581435904001,146.38307549866667,5856.0,149982659,24997109,24997109,149982.6593224044,True
B200,18,DeepSeek-V3/R1-671B,4,72,TP18/DP4/EP72,1,17.116751872,653.908770816,1444.751556608,20.065993841777775,10608.048443392001,147.33400615822222,3904.0,150956973,37739243,37739243,150956.9735227687,True
B200,24,DeepSeek-V3/R1-671B,3,72,TP24/DP3/EP72,1,17.116751872,653.908770816,1410.518052864,19.590528512,10642.281947136002,147.809471488,2928.0,151444130,50481376,50481376,151444.13062295085,True
B200,36,DeepSeek-V3/R1-671B,2,72,TP36/DP2/EP72,1,17.116751872,653.908770816,1376.28454912,19.115063182222222,10676.51545088,148.28493681777778,1952.0,151931287,75965643,75965643,151931.28772313296,True
B200,72,DeepSeek-V3/R1-671B,1,72,TP72/DP1/EP72,1,17.116751872,653.908770816,1342.051045376,18.639597852444442,10710.748954624001,148.76040214755557,976.0,152418444,152418444,152418444,152418.44482331513,True
B200,1,Kimi-K2-1T-A32B,72,72,TP1/DP72/EP72,1,11.721304064,1014.68602368,3717.2398325759996,51.628331008,8335.560167424002,115.771668992,70272.0,118618513,1647479,1647479,118618.51331147544,True
B200,2,Kimi-K2-1T-A32B,36,72,TP2/DP36/EP72,1,11.721304064,1014.68602368,2873.3059399679996,39.907026944,9179.494060032,127.49297305600001,35136.0,130628046,3628556,3628556,130628.04616393443,True
B200,4,Kimi-K2-1T-A32B,18,72,TP4/DP18/EP72,1,11.721304064,1014.68602368,2451.3389936639996,34.046374912,9601.461006336001,133.353625088,17568.0,136632812,7590711,7590711,136632.812590164,True
B200,8,Kimi-K2-1T-A32B,9,72,TP8/DP9/EP72,1,11.721304064,1014.68602368,2240.355520512,31.116048896,9812.444479488,136.283951104,8784.0,139635195,15515021,15515021,139635.19580327868,True
B200,12,Kimi-K2-1T-A32B,6,72,TP12/DP6/EP72,1,11.721304064,1014.68602368,2170.0276961279997,30.139273557333333,9882.772303872001,137.26072644266668,5856.0,140635990,23439331,23439331,140635.9902076503,True
B200,18,Kimi-K2-1T-A32B,4,72,TP18/DP4/EP72,1,11.721304064,1014.68602368,2123.142479872,29.48808999822222,9929.657520128001,137.91191000177778,3904.0,141303186,35325796,35325796,141303.18647723136,True
B200,24,Kimi-K2-1T-A32B,3,72,TP24/DP3/EP72,1,11.721304064,1014.68602368,2099.699871744,29.162498218666666,9953.100128256001,138.23750178133335,2928.0,141636784,47212261,47212261,141636.78461202187,True
B200,36,Kimi-K2-1T-A32B,2,72,TP36/DP2/EP72,1,11.721304064,1014.68602368,2076.257263616,28.83690643911111,9976.542736384,138.5630935608889,1952.0,141970382,70985191,70985191,141970.38274681236,True
B200,72,Kimi-K2-1T-A32B,1,72,TP72/DP1/EP72,1,11.721304064,1014.68602368,2052.814655488,28.511314659555556,9999.985344512,138.88868534044445,976.0,142303980,142303980,142303980,142303.9808816029,True
B200,1,DeepSeek-V4-Flash-284B,72,72,TP1/DP72/EP72,1,6.974609408,277.025390592,1558.394535936,21.644368554666666,10494.405464064,145.75563144533334,44032.0,238335879,3310220,3310220,238335.87990697674,True
B200,2,DeepSeek-V4-Flash-284B,36,72,TP2/DP36/EP72,1,6.974609408,277.025390592,1056.2226585600001,14.669759146666667,10996.577341440001,152.73024085333333,22016.0,249740582,6937238,6937238,249740.58279069766,True
B200,4,DeepSeek-V4-Flash-284B,18,72,TP4/DP18/EP72,1,6.974609408,277.025390592,805.136719872,11.182454442666668,11247.663280128001,156.21754555733332,11008.0,255442934,14191274,14191274,255442.93423255818,True
B200,8,DeepSeek-V4-Flash-284B,9,72,TP8/DP9/EP72,1,6.974609408,277.025390592,679.593750528,9.438802090666668,11373.206249472001,157.96119790933335,5504.0,258294109,28699345,28699345,258294.1099534884,True
B200,12,DeepSeek-V4-Flash-284B,6,72,TP12/DP6/EP72,1,6.974609408,277.025390592,637.74609408,8.85758464,11415.053905920002,158.54241536,3669.3333333333335,259244501,43207416,43207416,259244.50186046516,True
B200,18,DeepSeek-V4-Flash-284B,4,72,TP18/DP4/EP72,1,6.974609408,277.025390592,609.8476564480001,8.470106339555556,11442.952343552,158.92989366044446,2446.222222222222,259878096,64969524,64969524,259878.09646511628,True
B200,24,DeepSeek-V4-Flash-284B,3,72,TP24/DP3/EP72,1,6.974609408,277.025390592,595.898437632,8.276367189333333,11456.901562368,159.12363281066666,1834.6666666666667,260194893,86731631,86731631,260194.89376744186,True
B200,36,DeepSeek-V4-Flash-284B,2,72,TP36/DP2/EP72,1,6.974609408,277.025390592,581.949218816,8.082628039111112,11470.850781184,159.3173719608889,1223.111111111111,260511691,130255845,130255845,260511.69106976743,True
B200,72,DeepSeek-V4-Flash-284B,1,72,TP72/DP1/EP72,1,6.974609408,277.025390592,568.0,7.888888888888889,11484.800000000001,159.51111111111112,611.5555555555555,260828488,260828488,260828488,260828.4883720931,True
B200,1,DeepSeek-V4-Pro-1.6T,72,72,TP1/DP72/EP72,1,52.603813888,1547.396186112,10669.741572096,148.19085516799998,1383.0584279040013,19.20914483200002,44032.0,31410302,436254,436254,31410.30223255817,True
B200,2,DeepSeek-V4-Pro-1.6T,36,72,TP2/DP36/EP72,1,52.603813888,1547.396186112,6882.26697216,95.58704128,5170.5330278400015,71.81295872000001,22016.0,117426713,3261853,3261853,117426.71302325586,True
B200,4,DeepSeek-V4-Pro-1.6T,18,72,TP4/DP18/EP72,1,52.603813888,1547.396186112,4988.529672191999,69.285134336,7064.270327808002,98.114865664,11008.0,160434918,8913051,8913051,160434.9184186047,True
B200,8,DeepSeek-V4-Pro-1.6T,9,72,TP8/DP9/EP72,1,52.603813888,1547.396186112,4041.661022208,56.134180863999994,8011.138977792001,111.265819136,5504.0,181939021,20215446,20215446,181939.0211162791,True
B200,12,DeepSeek-V4-Pro-1.6T,6,72,TP12/DP6/EP72,1,52.603813888,1547.396186112,3726.0381388799997,51.75052970666666,8326.761861120001,115.64947029333334,3669.3333333333335,189107055,31517842,31517842,189107.05534883722,True
B200,18,DeepSeek-V4-Pro-1.6T,4,72,TP18/DP4/EP72,1,52.603813888,1547.396186112,3515.6228833279997,48.828095601777775,8537.177116672001,118.57190439822223,2446.222222222222,193885744,48471436,48471436,193885.74483720932,True
B200,24,DeepSeek-V4-Pro-1.6T,3,72,TP24/DP3/EP72,1,52.603813888,1547.396186112,3410.415255552,47.36687854933333,8642.384744448002,120.03312145066667,1834.6666666666667,196275089,65425029,65425029,196275.08958139538,True
B200,36,DeepSeek-V4-Pro-1.6T,2,72,TP36/DP2/EP72,1,52.603813888,1547.396186112,3305.2076277759998,45.90566149688888,8747.592372224,121.49433850311112,1223.111111111111,198664434,99332217,99332217,198664.4343255814,True
B200,72,DeepSeek-V4-Pro-1.6T,1,72,TP72/DP1/EP72,1,52.603813888,1547.396186112,3200.0,44.44444444444444,8852.800000000001,122.95555555555556,611.5555555555555,201053779,201053779,201053779,201053.77906976748,True
